group,horizon_days,n,events_by_horizon,naive_event_fraction
I,365,93,26,0.27956989247311825
I,730,93,45,0.4838709677419355
I,1095,93,50,0.5376344086021505
II,365,40,11,0.275
II,730,40,21,0.525
II,1095,40,22,0.55
IIIa,365,112,37,0.33035714285714285
IIIa,730,112,58,0.5178571428571429
IIIa,1095,112,64,0.5714285714285714
IIIb,365,176,67,0.3806818181818182
IIIb,730,176,89,0.5056818181818182
IIIb,1095,176,96,0.5454545454545454
Missing,365,1,1,1.0
Missing,730,1,1,1.0
Missing,1095,1,1,1.0
